id,category,situation,opponent,draft,orb_version,verdict,note
p1-001,threat,"Opening, both fighters squared up",Anti-hero,I'll go easy. ...I'll try.,,,
p1-002,threat,Her guard is closing in around him,Empress,Leave them out of it. Leave everyone out of it. It's you and me.,,,
p1-003,threat,The Cyborg has just eaten a civilian,Cyborg,That's the last one. I'll help what's left once I'm done with you.,,,
p1-004,threat,The opponent is aiming a blast at a town,any,Touch that town and I'll stop being nice.,,,
p1-005,threat,"Mid-fight, the opponent has gone quiet",any,I've got a lot more where that came from.,,,
p1-006,threat,A new guard member tags in,Empress,"Send them all. I'll get through every one, and then I'll get to you.",,,
p1-007,threat,The Cyborg's chest hatch has just flipped open,Cyborg,There's the hatch. I'm going to hit it.,,,
p1-008,threat,The opponent is backing away across the sea,Anti-hero,Run if you want. I'll follow. I'm not tired.,,,
p1-009,threat,"Inside the fold, just the two of them",any,Nobody's watching. Nobody's hurt. Everything I've got is yours.,,,
p1-010,threat,After a long taunt about her empire,Empress,You can call it what you like. It ends here.,,,
p1-011,threat,The opponent is on the brink and staggering,any,Stay down. Please. I really don't want to hit you again.,,,
p1-012,boast,He has been pressing for a full minute,any,"Twelve years of morning stairs, and I'm still only warming up!",,,
p1-013,boast,The opponent's blows keep bouncing off his guard,any,You can't break what won't bend!,,,
p1-014,boast,"A long, even stretch of the fight",any,I could do this all week.,,,
p1-015,boast,He has just landed three hits in a row,Anti-hero,That's what a whole life of practice looks like.,,,
p1-016,boast,The opponent has slowed down,any,Is that all? I was ready for more.,,,
p1-017,boast,He just dodged a big beam,any,Missed me! I'll hit you next time.,,,
p1-018,boast,He is grinning after a heavy hit,Empress,Nobody hits harder than me when I'm smiling.,,,
p1-019,boast,The Cyborg has just offered him a menu,Cyborg,You want a menu? Try my fist.,,,
p1-020,boast,"Early on, feeling good",Anti-hero,I've been dreaming about this fight for years.,,,
p1-021,boast,About to use a special,any,Watch this one. I've been saving it.,,,
p1-022,boast,"The opponent is breathing hard, he is not",any,I'm not even out of breath.,,,
p1-023,one-liner,A clean heavy hit lands,any,There it is!,,,
p1-024,one-liner,A hit he has been waiting for,Anti-hero,That's the one. Thank you.,,,
p1-025,one-liner,He lands a hit the opponent respects,Anti-hero,Good hit. Feel that? That's respect.,,,
p1-026,one-liner,A quick counter,any,Ha! Gotcha.,,,
p1-027,one-liner,He steps on the opponent's cape,Empress,"Sorry, that was mine.",,,
p1-028,one-liner,A fast exchange ends,any,Okay. Okay okay okay.,,,
p1-029,one-liner,The opponent lands a good hit on him,any,Not bad. Not bad at all.,,,
p1-030,one-liner,A short lull between exchanges,any,Time out? No? Fine.,,,
p1-031,one-liner,Something goes exactly right,any,This is the best day.,,,
p1-032,one-liner,A body blow lands on his ribs,Cyborg,Oof. Right on the ribs.,,,
p1-033,one-liner,An early hit,Anti-hero,Nice. I'll remember that one.,,,
p1-034,banter reply,He said: 'You were always worried.',Anti-hero,Somebody has to be.,,,
p1-035,banter reply,He said: 'I do not make faces.',Anti-hero,Ha! You just did.,,,
p1-036,banter reply,She said: 'Petitioner...',Empress,Petition denied. I'm not signing anything.,,,
p1-037,banter reply,He said: 'Please rate your experience.',Cyborg,One star. Still hungry.,,,
p1-038,banter reply,"She said: 'Guard, present arms!'",Empress,Cute. Do they salute or do they fight?,,,
p1-039,banter reply,He said: 'Fifth. Behind the goons.',Anti-hero,The goons?! They're not even here!,,,
p1-040,banter reply,He said: 'May I speak to your manager?',Cyborg,I'm the manager today.,,,
p1-041,banter reply,He said: 'You were adequate.',Anti-hero,Adequate! High praise.,,,
p1-042,banter reply,She said: 'We will attend presently.',Empress,Take your time. I brought snacks.,,,
p1-043,banter reply,He said: 'Take your moment. You will need it.',Anti-hero,Thanks. I'll use every second.,,,
p1-044,banter reply,The opponent said: 'You talk a lot.',any,You noticed.,,,
p1-045,inner thought,He has been guarding for 20 seconds,any,Only a little longer...,,,
p1-046,inner thought,"A quiet stretch, the opponent holding back",Anti-hero,He's holding back. So am I.,,,
p1-047,inner thought,After knocking down a tower,any,I keep breaking things. I'll say sorry in a minute.,,,
p1-048,inner thought,Pressing hard and winning,any,Don't stop. Don't give him room.,,,
p1-049,inner thought,The town is right below the fight,Empress,I can't lose this one. There are people under us.,,,
p1-050,inner thought,The opponent is his old friend,Anti-hero,He's still my friend. That's what makes it hard.,,,
p1-051,inner thought,Her guard keeps rotating in,Empress,What is she hiding behind all those guards?,,,
p1-052,inner thought,Charging a special,any,Almost there... almost...,,,
p1-053,inner thought,The opponent leaves a gap,any,His left side's open. Don't look at it.,,,
p1-054,inner thought,A pause after a heavy exchange,any,Breathe.,,,
p1-055,inner thought,The last civilian has just fled,any,Everyone's out. Good. Now I can really go.,,,
p1-056,style reaction,The opponent has been turtling for a minute,any,"Guard, guard, guard. I like the wall. I'll knock it down.",,,
p1-057,style reaction,The opponent is waiting for him to tire,Anti-hero,You're waiting for me to tire. Good plan. Bad plan.,,,
p1-058,style reaction,The opponent is hiding behind his arms,any,"Come out, friend! I promise not to be gentle.",,,
p1-059,style reaction,The opponent is rushing him non-stop,Anti-hero,You're crowding me! I love it!,,,
p1-060,style reaction,The opponent will not stop pressing,any,He never stops. Fine. Neither do I.,,,
p1-061,style reaction,The opponent is furious and sloppy,Anti-hero,Angry gets sloppy. Come on.,,,
p1-062,style reaction,The opponent keeps flying away,any,Hey! Come back! I've barely started!,,,
p1-063,style reaction,The opponent is leading him somewhere,Empress,He's leaving on purpose. Why?,,,
p1-064,style reaction,The opponent has dodged for a full minute,any,Running? That's a first.,,,
p1-065,style reaction,The opponent has fired three big beams,any,Big beam again? Let's see if you can hit me with it.,,,
p1-066,style reaction,The opponent uses nothing but signatures,Cyborg,"One beam, one beam, one beam. Do you have anything else?",,,
p1-067,style reaction,The opponent is saving everything for a big shot,any,You're saving it all for the big shot. I can see it coming.,,,
p1-068,pain and injury,His arm has just broken,any,That was my arm. It was a good arm.,,,
p1-069,pain and injury,"His arm is broken, he keeps fighting",Anti-hero,Okay. My arm's gone. That's fine. I've got another.,,,
p1-070,pain and injury,A sharp hit lands,any,Ow.,,,
p1-071,pain and injury,A heavy hit to the ribs,Cyborg,Ha! My ribs. I'll need those later.,,,
p1-072,pain and injury,His leg gives way mid-flight,any,Knee's gone. I'll walk it off. ...Flying it off.,,,
p1-073,pain and injury,"A hit to the head, his vision blurs",Anti-hero,Ah. That's my head. It's ringing.,,,
p1-074,pain and injury,The fight slows and he takes a moment,any,That one's going to hurt tomorrow.,,,
p1-075,pain and injury,After a long stretch of hits to his hands,Empress,I can't feel my fingers. That's new.,,,
p1-076,pain and injury,Two regions are badly hurt,any,Broken. Definitely broken. Okay. Moving on.,,,
p1-077,pain and injury,A blast catches him off guard,any,Owwww.,,,
p1-078,pain and injury,He is badly hurt but grinning,Anti-hero,That's the worst I've felt in years. Thanks!,,,
p1-079,pain and injury,His arm is barely holding,any,"Stay with me, arm. Just a little longer.",,,
p1-080,comeback and rally,He is on the brink,any,Hold on. Hold on. I've got one more.,,,
p1-081,comeback and rally,He is on the brink and reeling,Anti-hero,Not yet. I'll be fine in a minute.,,,
p1-082,comeback and rally,He survives a finisher,any,Ha! Nope. Not today.,,,
p1-083,comeback and rally,He has taken a long beating,Empress,I've been careful all night. I'm done being careful.,,,
p1-084,comeback and rally,He is down and getting up,any,Give me a second. Then I'll take it back.,,,
p1-085,comeback and rally,The opponent thinks it is over,Cyborg,You thought that was it? Cute.,,,
p1-086,comeback and rally,A big surge after a break,any,Everything. Right now.,,,
p1-087,comeback and rally,He is knocked flat and rises,Anti-hero,I'm getting up. I'm always getting up.,,,
p1-088,comeback and rally,The opponent has just hit him very hard,any,"Okay, that got my attention.",,,
p1-089,comeback and rally,He is behind and smiling,any,I'm not done. I'm barely started.,,,
p1-090,comeback and rally,"A short rest, then back in",any,Again. Once more.,,,
p1-091,transformation,The first rung of Hot Blood begins,any,Okay. Warm.,,,
p1-092,transformation,The second rung,Anti-hero,That's a lot. That's... a lot.,,,
p1-093,transformation,The third rung,any,Hold on. Hold on. I'll be fine in a minute.,,,
p1-094,transformation,His heart is racing,any,I can hear my own heart. It's going to be loud.,,,
p1-095,transformation,"The opponent waits, arms folded",Anti-hero,Don't wait for me. Do your worst. I'll catch up.,,,
p1-096,transformation,Steam starts pouring off him,any,Whoa. Whoa. Steam. Is that me?,,,
p1-097,transformation,A long transformation begins,Empress,Give me a second. It's a long one.,,,
p1-098,transformation,"The second rung, feeling it",any,Simmering. Great. Wonderful.,,,
p1-099,transformation,He knows what this will cost,any,This is going to hurt. I'm doing it anyway.,,,
p1-100,transformation,The last rung,Cyborg,Boiling. Okay. Okay okay okay.,,,
p1-101,transformation,He is a little unsure,any,It's fine. It's fine. I've done this before. Once.,,,
p1-102,finisher,The finisher lands on a friendly rival,Anti-hero,That's it. That's the one. Thank you.,,,
p1-103,finisher,The moment before a finisher,Anti-hero,Ready? ...Everything!,,,
p1-104,finisher,"A warm, respectful finisher",any,"Hold still, friend. This is the best one.",,,
p1-105,finisher,A grim finisher against a world-ender,Empress,It ends here. Nobody else pays for you.,,,
p1-106,finisher,"A grim finisher, with regret",Cyborg,I'm sorry. I'm not stopping.,,,
p1-107,finisher,The blast gathers,any,Everything. All of it. Now.,,,
p1-108,finisher,The opponent survives the finisher,Anti-hero,You're kidding! ...Good. Again!,,,
p1-109,finisher,"The opponent survives, and he is scared",Cyborg,No. Stay down. Please stay down.,,,
p1-110,finisher,The final blow is coming,any,Last one. Promise.,,,
p1-111,finisher,The opponent goes down for good,Anti-hero,I'll carry you home after.,,,
p1-112,finisher,The camera pushes in on him,any,Right. This is going to be big.,,,
p1-113,win,"The match ends, he won",Anti-hero,Best fight of my year. Rest. I'll carry you home.,,,
p1-114,win,"The match ends, he won",any,Thank you. I mean it. Come back when you're ready.,,,
p1-115,win,A close win,Anti-hero,You almost had me at the bridge.,,,
p1-116,win,"The match ends, the land is wrecked",any,"Good fight, friend. Now, let me help fix the hill I broke.",,,
p1-117,win,The opponent wants a rematch,Anti-hero,"Again? ...Tomorrow. Tomorrow, I promise.",,,
p1-118,win,A spectacular finish,any,That was incredible. Can we do that again?,,,
p1-119,win,The world-ender is beaten,Empress,It's over. Nobody else pays for you.,,,
p1-120,win,The opponent doesn't get up,any,Are you okay? Say something.,,,
p1-121,win,"A long, tiring fight",any,Whew. I need a nap.,,,
p1-122,win,"The dust clears, he stands",any,I won. Wow. Okay.,,,
p1-123,win,The opponent gave everything,Anti-hero,Nice try. Really.,,,
p1-124,loss,"The match ends, he lost",Anti-hero,"Ha! Okay. Okay, you got me. I'll be better.",,,
p1-125,loss,A loss he respects,any,That was a good one. I'll remember that one.,,,
p1-126,loss,The opponent stopped right on time,Anti-hero,Thank you for not stopping. I'll be back.,,,
p1-127,loss,He can barely move,any,I'm sore in places I didn't know I had. Wonderful.,,,
p1-128,loss,"On the ground, catching his breath",any,Give me a minute. Then I'll take it back.,,,
p1-129,loss,The finisher lands on him,any,I lost. Huh.,,,
p1-130,loss,"The Cyborg has won, people are in danger",Cyborg,Stay away from them.,,,
p1-131,loss,"The Empress has won, he is grim",Empress,I'll... stop you. I'll stop you.,,,
p1-132,loss,"A blunt, quiet loss",any,Well. That happened.,,,
p1-133,loss,As the screen fades,any,Next time.,,,
p1-134,loss,A clean loss to a better fighter,Anti-hero,You were better today.,,,
p1-135,collateral and anguish,A bridge has just fallen,any,Sorry about the bridge! I'll help fix it once we're done.,,,
p1-136,collateral and anguish,A roof collapses under a blast,any,That was somebody's roof. I'll help rebuild it once I'm done here.,,,
p1-137,collateral and anguish,A whole street of houses is gone,Empress,...That was a lot of houses. I'll help fix them once I'm done with you. All of them.,,,
p1-138,collateral and anguish,He realises what he's been hitting,any,I wasn't looking. I'm looking now. I'll do better.,,,
p1-139,collateral and anguish,The streets are filling with people running,any,Everybody out! I'll deal with this in a second.,,,
p1-140,collateral and anguish,An evacuation begins,any,They're getting out! Good.,,,
p1-141,collateral and anguish,"A home falls, he sees it",Empress,That was a home.,,,
p1-142,collateral and anguish,A building he was protecting has just fallen,any,I did that. That was me.,,,
p1-143,collateral and anguish,A blast is heading for a village,Cyborg,Not there. Not over there. Please.,,,
p1-144,collateral and anguish,Casualties rise in the city,any,I'll fix every one. I promise. Just... one second.,,,
p1-145,collateral and anguish,After a terrible hit on a crowd,any,Sorry. Sorry. Sorry.,,,
p1-146,taunt response,He said: 'Filth.',Anti-hero,Careful. I've heard worse from my dog.,,,
p1-147,taunt response,She said: 'You struck ME.',Empress,"Yeah, I did.",,,
p1-148,taunt response,He said: 'Under new management.',Cyborg,Same management. Same face.,,,
p1-149,taunt response,He said: 'You were adequate.',Anti-hero,I'll take adequate. You're a bad judge.,,,
p1-150,taunt response,The opponent mocked the people he protects,any,Say that about them once more. Just once.,,,
p1-151,taunt response,She said: 'Ohoho. Cute.',Empress,Yeah? Keep laughing. I like it.,,,
p1-152,taunt response,He said: 'You will never beat me.',Anti-hero,I might. I'd like to find out.,,,
p1-153,taunt response,He said: 'Your input is on the menu.',Cyborg,Make it a small one.,,,
p1-154,taunt response,She said: 'You dare laugh at the train?',Empress,It's a very nice train.,,,
p1-155,taunt response,He said: 'Sulker.',Anti-hero,I'm not sulking. I'm concentrating.,,,
p1-156,taunt response,The opponent said: 'Is that all you've got?',any,Not even close.,,,
