"id","fighter","kind","situation","line","Orb's edit","note","keep / cut / rewrite"
"emp-001","Empress","bark","She lands the first hit","A first strike, petitioner. It will be minuted.","","",""
"emp-002","Empress","bark","She lands a hit","Do try to bleed on the correct side. The carpet is new.","","",""
"emp-003","Empress","bark","She lands a heavy","Guard, did you see that? Say you saw that.","","",""
"emp-004","Empress","bark","She lands a hit, her guard watching","Applaud, guard. Quietly. We are working.","","",""
"emp-005","Empress","bark","The opponent dodges","Hold still. We are trying to be gracious.","","",""
"emp-006","Empress","bark","The opponent dodges a beam","Missed. We shall call it a rehearsal.","","",""
"emp-007","Empress","bark","The opponent blocks","Hiding behind your arms. How very junior.","","",""
"emp-008","Empress","bark","The opponent has been turtling","Come out, petitioner. We have a schedule.","","",""
"emp-009","Empress","bark","The opponent keeps flying away","Running laps? The empire does not do laps. It does parades.","","",""
"emp-010","Empress","bark","The opponent rushes her","How eager. We love an eager petitioner. It makes the filing shorter.","","",""
"emp-011","Empress","bark","The opponent is charging","Charge by all means. We will wait. We are very good at waiting. We are better at forms.","","",""
"emp-012","Empress","bark","A long stretch of the fight","We are being very patient. Make a note of it, guard.","","",""
"emp-013","Empress","bark","She is winning comfortably","This is what we call a state visit.","","",""
"emp-014","Empress","bark","She is winning comfortably","Smile, petitioner. The portrait is being drawn.","","",""
"emp-015","Empress","bark","Her guard is still standing","Behind us, as ever. Where a guard belongs.","","",""
"emp-016","Empress","bark","She hits the Protagonist","Fix that, will you? You always say you will.","","",""
"emp-017","Empress","bark","She hits the Anti-hero","Sulk later. We are busy.","","",""
"emp-018","Empress","bark","She hits the Cyborg","Not a bite, petitioner. We are not that sort of empire.","","",""
"emp-019","Empress","bark","A crater opens under the opponent","A pit! How municipal.","","",""
"emp-020","Empress","bark","A building falls","Oh, that was due for demolition. We simply sped up the paperwork.","","",""
"emp-021","Empress","bark","The opponent staggers","You are swaying. It is a nice sway. Do hold it.","","",""
"emp-022","Empress","bark","The opponent is on the brink","Nearly done, petitioner. Do not spoil it by getting up.","","",""
"emp-023","Empress","bark","She flies past","Make way. The empire is overtaking.","","",""
"emp-024","Empress","bark","A hit lands on her head","Mind the crown!","","",""
"emp-025","Empress","bark","She has just won a long exchange","That one goes on the record.","","",""
"emp-026","Empress","bark","A pause in the fight","Hm. We are bored. Do something terrible.","","",""
"emp-027","Empress","bark","A hit lands on the opponent's chest","An unhappy sound, that. File it under: You.","","",""
"emp-028","Empress","reply","He said (Protagonist): 'Whatever you're planning, I'll stop it.'","Stop it, petitioner? We have not yet submitted it.","","",""
"emp-029","Empress","reply","He said (Protagonist): 'Get on with it.'","How rude. We were being thorough.","","",""
"emp-030","Empress","reply","He said (Anti-hero): 'You were loud. That was all you were.'","Loud? We are the loudest empire on file.","","",""
"emp-031","Empress","reply","He said (Anti-hero): 'Filth.'","Filth! How dare you. ...Say it again. We enjoyed it.","","",""
"emp-032","Empress","reply","He said (Cyborg): 'Would you care for a menu?'","We would care for a manager. Fetch one.","","",""
"emp-033","Empress","reply","He said (Cyborg): 'Your table is ready.'","We do not sit. We are seated.","","",""
"emp-034","Empress","reply","He said (Protagonist): 'Nobody's on the menu today.'","Then who is the main course? We insist on a main course.","","",""
"emp-035","Empress","reply","He said (Protagonist): 'Is that all you've got?'","All we have? Petitioner, we have an empire.","","",""
"emp-036","Empress","reply","He said (Anti-hero): 'Do take that cape off.'","Take it off! It is the train! It is the one thing we have not annexed.","","",""
"emp-037","Empress","reply","He said: 'Your guard looks tired.'","They are on parade. Parade is tiring.","","",""
"emp-038","Empress","reply","He said: 'Is that a hat?'","It is Revision Four. It is a revision with a hat.","","",""
"emp-039","Empress","reply","She said (Empress, mirror): 'Revision Four. We have added a hat.'","We have added two. Look closer, copy.","","",""
"emp-040","Empress","retort","The opponent calls her a coward for hiding behind her guard","A coward! We are royalty. We delegate.","","",""
"emp-041","Empress","retort","The opponent mocks her","Say that again. We will have it minuted.","","",""
"emp-042","Empress","retort","The opponent mocks her","How rude. Revision Five is offended, and will say so in writing.","","",""
"emp-043","Empress","retort","The opponent mocks her","Ohoho. Cute. Cute! ...Filed under Cute.","","",""
"emp-044","Empress","retort","The opponent mocks her hat","The hat is on file. The hat is lovelier than you.","","",""
"emp-045","Empress","retort","The opponent mocks her hat","You mock the hat? The hat has a legal standing.","","",""
"emp-046","Empress","retort","The opponent laughs at her paperwork","Laugh! The paperwork will be laughing at you later.","","",""
"emp-047","Empress","retort","The opponent says: 'You're all talk.'","Talk is how we conquer. The rest is administration.","","",""
"emp-048","Empress","retort","The opponent says her guard is useless","The guard is ornamental. Do not insult the ornament.","","",""
"emp-049","Empress","retort","The opponent hits her mid-sentence","You struck us! Do you know what revision this is? ...You struck ME.","","",""
"emp-050","Empress","retort","The opponent hits her mid-sentence","That is the last time you do that in this revision!","","",""
"emp-051","Empress","retort","The opponent hits her mid-sentence","We were speaking! We are ALWAYS speaking!","","",""
"emp-052","Empress","taunt","A taunt, smooths her train over one arm, 1 second","Petitioner, you are boring us.","","",""
"emp-053","Empress","taunt","A taunt, smooths her train, 1 second","We have seen better. We have commissioned better.","","",""
"emp-054","Empress","taunt","A taunt, smooths her train, 1 second","How quaint.","","",""
"emp-055","Empress","taunt","A taunt, smooths her train, 1 second","Do carry on. It is nearly amusing.","","",""
"emp-056","Empress","taunt","A taunt, tilts her chin, 1 second (vs Protagonist)","Do not look so brave. It crumples the file.","","",""
"emp-057","Empress","taunt","A taunt, tilts her chin, 1 second (vs Anti-hero)","A hierarchy, petitioner. You may wait at the bottom.","","",""
"emp-058","Empress","taunt","A taunt, tilts her chin, 1 second (vs Cyborg)","Petitioner, we do not eat with the staff.","","",""
"emp-059","Empress","taunt","A taunt, smooths her train, 1 second","We have a cold, a train, and an empire. Pick which to fear.","","",""
"emp-176","Empress","taunt","Encore, from out of reach (vs Protagonist)","Go on, petitioner. Break through them. We shall be over here, being unreachable.","","",""
"emp-177","Empress","taunt","Encore, from out of reach (vs Protagonist)","Every second you spend on them is a second the empire enjoys.","","",""
"emp-178","Empress","taunt","Encore, from out of reach (vs Anti-hero)","Do hurry, petitioner. Ours is a very long parade.","","",""
"emp-179","Empress","taunt","Encore, from out of reach (vs Anti-hero)","You wanted a hierarchy. Here it is. You are at the bottom.","","",""
"emp-180","Empress","taunt","Encore, from out of reach (vs Cyborg)","Have a snack, petitioner. My guard is on the menu, we hear.","","",""
"emp-181","Empress","taunt","Encore, from out of reach (vs Cyborg)","Please take a number. We are busy. We are at a distance.","","",""
"emp-060","Empress","thought","The fight goes long","Is this the fourth revision? The third? ...There will be a form.","","",""
"emp-061","Empress","thought","She has just changed shape","Form 9-B. Where is 9-B? ...Later.","","",""
"emp-062","Empress","thought","She is winning but tired","The guard will see to the crowd. We rest. We are resting.","","",""
"emp-063","Empress","thought","She is hit hard","That will leave a mark on the record.","","",""
"emp-064","Empress","thought","She is hit hard","We are not afraid. We are... annoyed. It is a different form.","","",""
"emp-065","Empress","thought","The opponent is a good fighter","Hm. A genuine petitioner. How tedious.","","",""
"emp-066","Empress","thought","Her guard falls","There goes the aide. He was getting good at sighing.","","",""
"emp-067","Empress","thought","She is pushed to the brink","Do not scream. Do not scream. ...Scream a little.","","",""
"emp-068","Empress","thought","A staredown (vs Protagonist)","He still thinks he can talk. Cute.","","",""
"emp-069","Empress","thought","A staredown (vs Anti-hero)","That one is a grievance in boots.","","",""
"emp-070","Empress","thought","A staredown (vs Cyborg)","He keeps staring at the Runner. The Runner is nervous. Rightly.","","",""
"emp-071","Empress","thought","She is about to transform","Four, five, nine-B. A mountain of paperwork. We will deal with it.","","",""
"emp-072","Empress","thought","She is on the brink","Not like this. Not in front of the guard.","","",""
"emp-073","Empress","thought","A pause","What is the use of an empire if it cannot watch a fight?","","",""
"emp-074","Empress","hurt","She is hit in the face","Mind the face! It is the one we have on file!","","",""
"emp-075","Empress","hurt","She is hit hard","You struck us! Do you know what revision this is?","","",""
"emp-076","Empress","hurt","She is hit hard","That is a tort, petitioner.","","",""
"emp-077","Empress","hurt","She is hit hard","Ow! ...The empire does not say ow. The empire says: noted.","","",""
"emp-078","Empress","hurt","She is hit lightly","A scratch. We shall have it framed.","","",""
"emp-079","Empress","hurt","She is hit hard (mood: furious)","Do you know what that cost to print?","","",""
"emp-080","Empress","hurt","She is hit hard (mood: furious)","You struck ME. ...Us. You struck US.","","",""
"emp-081","Empress","hurt","She is hit hard (mood: furious)","You will answer for this in triplicate!","","",""
"emp-082","Empress","hurt","She is on the brink","Guard! Guard! Where is my guard?","","",""
"emp-083","Empress","hurt","She is on the brink","I am... we are... the empire is a little unwell.","","",""
"emp-084","Empress","hurt","She is on the brink","This is not on the schedule!","","",""
"emp-085","Empress","hurt","She is on the brink","Enough! Enough, enough, enough!","","",""
"emp-086","Empress","hurt","A hit knocks off her hat or train fragment","The hat! That was custom!","","",""
"emp-087","Empress","hurt","She is hit while taunting","You struck us mid-sentence!","","",""
"emp-088","Empress","hurt","She is hit while taunting","How DARE you. ...We dare.","","",""
"emp-089","Empress","hurt","A hit lands on the aide, her guard","Not the aide! He has the stationery!","","",""
"emp-090","Empress","hurt","Her guard member is knocked down","Guard, rise. It is a rank thing.","","",""
"emp-184","Empress","hurt","Encore: the guard falls and she is within reach","You... you defeated my guard. Nobody defeats my guard! ...We will do it ourselves.","","",""
"emp-185","Empress","hurt","Encore: the guard falls","Very well. Now we come to the part with us in it.","","",""
"emp-091","Empress","collateral","A city is hit","Annexing. The empire thanks you for your patronage.","","",""
"emp-092","Empress","collateral","Towers fall","Look at that skyline, guard. Now it is a better skyline.","","",""
"emp-093","Empress","collateral","An open field is created","One does like a blank province.","","",""
"emp-094","Empress","collateral","People are killed","Reassigning the deeds. Nobody was using them. They were screaming, but nobody was using them.","","",""
"emp-095","Empress","collateral","Rubble piles up","The train looks marvellous against the rubble.","","",""
"emp-096","Empress","collateral","A village falls","A village. How rustic. How vacant.","","",""
"emp-097","Empress","collateral","A village falls","We shall name it after us. When we find the paperwork.","","",""
"emp-098","Empress","collateral","A bridge falls","Oh, that was due for demolition. We simply sped up the paperwork.","","",""
"emp-099","Empress","collateral","Evacuation begins","Shoo. Do not trample the carpet.","","",""
"emp-100","Empress","collateral","Evacuation begins","The petitioners flee. How orderly. How adorable.","","",""
"emp-101","Empress","collateral","The streets empty","Where did everyone go? ...Wonderful. It is a private audience.","","",""
"emp-102","Empress","collateral","The city is empty","Nobody to annex. And nobody to complain to. How dull.","","",""
"emp-103","Empress","collateral","The city is empty","A private room. How very irregular. Guard, note the room.","","",""
"emp-104","Empress","waiting","The Protagonist is transforming (impatient)","Hurry, petitioner. We have other provinces.","","",""
"emp-105","Empress","waiting","The Protagonist is transforming (polite)","Take your time. We will use it to compose our complaint.","","",""
"emp-106","Empress","waiting","The Protagonist is transforming (mocking)","A glow. How seasonal.","","",""
"emp-107","Empress","waiting","The Anti-hero is transforming (impatient)","Be quick. You make the parade look slow.","","",""
"emp-108","Empress","waiting","The Anti-hero is transforming (polite)","Take your moment. We will not watch. We will minute it.","","",""
"emp-109","Empress","waiting","The Anti-hero is transforming (mocking)","A new sulk! How we love the premiere.","","",""
"emp-110","Empress","waiting","The Cyborg is transforming (impatient)","Update, petitioner? We have seen a software update. It was a hat.","","",""
"emp-111","Empress","waiting","The Cyborg is transforming (polite)","Do restructure. We shall wait. We are a sovereign power.","","",""
"emp-112","Empress","waiting","The Cyborg is transforming (mocking)","Under new management? We hope the new management has a title.","","",""
"emp-113","Empress","waiting","Another Empress is transforming (mocking)","Revision? We have filed that one. Under: Copy.","","",""
"emp-114","Empress","transformation","Revision Four, the hat","Revision Four. We have added a hat. Do not ask what that will cost us in paperwork.","","",""
"emp-115","Empress","transformation","Revision Nine, armour","Revision Nine: Field Revision. Armour. The covering letter alone is forty pages.","","",""
"emp-116","Empress","transformation","Revision Twelve, the final","Revision Twelve. And every one of you will be sorry, once we have finished the filing.","","",""
"emp-117","Empress","transformation","A new revision","There. A new likeness. Somebody will have to certify it. It will be us. It is always us.","","",""
"emp-118","Empress","transformation","A new revision","Revision Two. Louder. That is the entire update.","","",""
"emp-119","Empress","transformation","Before a revision, weary sigh","...Guard, hold my train. We are about to ruin a perfectly good filing.","","",""
"emp-120","Empress","transformation","During a revision","A revision. Now. In the middle of a fight. The forms alone.","","",""
"emp-121","Empress","transformation","During a revision","Nine-B. Nine-C. Where is nine-C?","","",""
"emp-122","Empress","transformation","Her fill is stopped","Again? From the top.","","",""
"emp-123","Empress","transformation","A revision completes","Approved. Retain your copy.","","",""
"emp-124","Empress","transformation","During a revision, annoyed","Do you have any idea how much paperwork this is? ...Never mind. Hold still.","","",""
"emp-125","Empress","transformation","During a revision","We will deal with the forms later. We will deal with the forms for a month.","","",""
"emp-126","Empress","shout","She starts her signature (placeholder name)","Decree Line!","","",""
"emp-127","Empress","shout","She starts her signature, short","Decree!","","",""
"emp-128","Empress","shout","She starts her signature","By decree. Decree Line!","","",""
"emp-129","Empress","shout","She starts her finisher (placeholder name)","The Last Word!","","",""
"emp-130","Empress","finisher","Finisher lands (smug)","Case closed. Please retain your copy.","","",""
"emp-131","Empress","finisher","Finisher lands (smug)","A small matter, petitioner. It is merely paperwork.","","",""
"emp-132","Empress","finisher","Finisher lands (smug)","We shall have you framed. In triplicate.","","",""
"emp-133","Empress","finisher","Finisher lands, vs the Protagonist","Sign here, petitioner. Do not worry. It is a short form.","","",""
"emp-134","Empress","finisher","Finisher lands, vs the Anti-hero","Be dismissed. With honour. We are generous.","","",""
"emp-135","Empress","finisher","Finisher lands, vs the Cyborg","Take your complaint to the department of Outcomes.","","",""
"emp-136","Empress","finisher","The opponent survives","Still here? How very inconvenient.","","",""
"emp-137","Empress","finisher","She is blocked at the last moment","Blocked! That is not in the appendix!","","",""
"emp-138","Empress","finisher","She wins with her guard watching","Guard, present arms. The petitioner has been processed.","","",""
"emp-139","Empress","on the chin","A signature is absorbed","How quaint. It did not tickle.","","",""
"emp-140","Empress","on the chin","A signature is absorbed","Is that the entire submission?","","",""
"emp-141","Empress","on the chin","Three hits are absorbed","Three! We have received three and we have enjoyed none.","","",""
"emp-142","Empress","intro","Entrance, her guard lines up behind her","Guard, present arms. We are visiting.","","",""
"emp-143","Empress","intro","Entrance, the aide checks a wristwatch","Do not look at the watch. We are early.","","",""
"emp-144","Empress","intro","Staredown (vs Protagonist)","Petitioner. We have a long list. You are at the bottom of it.","","",""
"emp-145","Empress","intro","Staredown (vs Anti-hero)","Petitioner. You wished for a rival. We are a hierarchy.","","",""
"emp-146","Empress","intro","Staredown (vs Cyborg)","Petitioner. We are informed you are on a diet. We approve of the diet.","","",""
"emp-147","Empress","intro","Staredown (vs anyone)","Begin, petitioner. We have forms.","","",""
"emp-148","Empress","intro","Staredown (vs another Empress)","Which of us is the original? Guard, check the record.","","",""
"emp-149","Empress","intro","Match opens with a salute","Present arms! ...Smartly, you.","","",""
"emp-171","Empress","intro","The Encore recall call, she climbs to a balcony of air","Guard! ENCORE! Present arms, and try to look expensive.","","",""
"emp-172","Empress","intro","The Encore recall call","The empire calls an encore! All of you, back on parade!","","",""
"emp-173","Empress","intro","The Encore recall call","Nobody dismissed you. We merely took an early lunch. ENCORE!","","",""
"emp-174","Empress","intro","The Encore recall call","Guard, return. We have re-read your dismissal. It was a clerical error.","","",""
"emp-175","Empress","intro","The Encore recall call","Curtain up, guard! Once more, with feeling!","","",""
"emp-150","Empress","last stand","Her free last signature is ready at the brink","We are not amused.","","",""
"emp-151","Empress","last stand","Her free last signature is ready, alternate","This is your last warning, petitioner.","","",""
"emp-152","Empress","last stand","Her free last signature is ready, alternate","We are NOT finished.","","",""
"emp-153","Empress","victory","She wins","Revision Twelve, Approved. Sign here. We do not accept cheques.","","",""
"emp-154","Empress","victory","She wins","A small matter, petitioner. It is merely paperwork.","","",""
"emp-155","Empress","victory","She wins","Case closed. Please retain your copy.","","",""
"emp-156","Empress","victory","She wins","Guard, present arms. The petitioner has been processed.","","",""
"emp-157","Empress","victory","She wins","We shall have you framed. In triplicate.","","",""
"emp-158","Empress","victory","She wins, her guard cheering","Applause, guard. Moderate. We are not vulgar.","","",""
"emp-159","Empress","victory","She wins (vs Protagonist)","We take your promise to fix things under advisement. Refused.","","",""
"emp-160","Empress","victory","She wins (vs Anti-hero)","You wished to be feared. We filed it under Unfulfilled.","","",""
"emp-161","Empress","victory","She wins (vs Cyborg)","Your manager will receive our regards. It will be an extremely short letter.","","",""
"emp-162","Empress","victory","She wins with the aide pained","Ma'am, the paperwork for a win alone... We will deal with it later.","","",""
"emp-182","Empress","victory","Encore: the guard holds and she steps back in","Well done, guard. Dismissed... no. Stay. We are stepping in.","","",""
"emp-183","Empress","victory","Encore: the guard holds","We are back, petitioner. Did you miss us? Do not answer.","","",""
"emp-163","Empress","defeat","She loses","This is an unapproved outcome! We appeal. ...I APPEAL.","","",""
"emp-164","Empress","defeat","She loses","We reject this ruling. We reject it in writing.","","",""
"emp-165","Empress","defeat","She loses","Wrong department! This should have gone to Outcomes!","","",""
"emp-166","Empress","defeat","She loses","Guard! Fetch the other outcomes. The ones where we win.","","",""
"emp-167","Empress","defeat","She loses","We will lodge a complaint. With ourselves. We will uphold it.","","",""
"emp-168","Empress","defeat","She loses, her guard gone","I... we... no. I appeal. I appeal this.","","",""
"emp-169","Empress","defeat","She loses to the Protagonist","You will fix the planet. You said you would. Do.","","",""
"emp-170","Empress","defeat","She loses to the Cyborg","We hold you in very low esteem, and a great deal of paperwork.","","",""
